{
    "ax": -16, 
    "ay": -2, 
    "az": 0, 
    "h": 0.8499999999999999, 
    "w": 0.9199999999999999, 
    "x": 0.05, 
    "y": 0.05, 
    "z": 0
}